Date, News
Tue, 13 Sep 2022 06:00:00 Energy Impact Partners gets ADIA, Microsoft backing for first European fund
Mon, 12 Sep 2022 21:45:21 Microsoft (MSFT) Gains But Lags Market: What You Should Know
Mon, 12 Sep 2022 20:29:58 After Hours Most Active for Sep 12, 2022 : NEE^Q, PLTK, KGC, AMZN, AAPL, IS, MSFT, CMCSA, CSCO, BEKE, T, ORCL
Mon, 12 Sep 2022 16:52:40 French cloud provider OVH lines up diesel generators to offset potential power cuts
Mon, 12 Sep 2022 16:22:21 US STOCKS-Wall Street hits more than two-week high on energy, tech gains
Mon, 12 Sep 2022 15:38:03 Zoom renames chat product, adds features in push to compete with Teams, Slack
Mon, 12 Sep 2022 13:58:00 Growth Stocks to Buy and Hold Forever
Mon, 12 Sep 2022 11:40:32 AMZN, MA, MSFT: Mega Stocks to Watch as the U.S. Dollar Strengthens
Mon, 12 Sep 2022 10:27:40 Microsoft (NASDAQ:MSFT) Stock Is Poised to Overcome Headwinds, Says Analyst
Mon, 12 Sep 2022 10:20:09 Should Vanguard Mega Cap Growth ETF (MGK) Be on Your Investing Radar?
Mon, 12 Sep 2022 09:52:00 Dividend Stocks That Billionaires Warren Buffett and George Soros Both Own
Mon, 12 Sep 2022 09:21:00 Stocks Ken Griffin Bought Hand Over Fist as the Market Plunged
Sun, 11 Sep 2022 21:13:49 Coinbase Stock in 3 Minutes
Sun, 11 Sep 2022 14:45:00 Stocks to Invest in Virtual Reality
Sun, 11 Sep 2022 13:13:00 Is It Time to Buy This Game-Changing Electric Aviation Stock?
